x,y,z,Nanog,Gata6,eps_G
272.41602144133407,217.94359737939251,338.09702203692683,5e-324,0.09974079781169685,9.579802077674984
297.21986919141307,235.71625613165253,323.7876734004958,5e-324,0.0997305197837814,9.579802077674984
294.4197860962567,244.4919786096257,343.0802139037433,5e-324,0.09972017728835808,9.579802077674984
307.5659553831232,228.94034917555766,326.97041707080507,0.09961136138281458,8.114520226289457e-120,9.579802077674984
279.5434720023032,224.24535770836326,322.67460774435006,0.09960772022417869,2.115454190839308e-56,9.579802077674984
277.619595959596,264.6157575757576,316.1939393939394,0.09961401642928192,7.241302434275206e-175,9.579802077674984
291.6975835110163,259.8816631130064,318.75878543788986,0.09961443342566867,4.4254409990179026e-181,9.579802077674984
228.48945206758145,240.32479230841037,318.74614953794463,2.0409140692350194e-252,0.09967845605727457,9.579802077674984
254.4814279456855,204.22299605781865,315.7756898817345,0.09961523397748928,7.154804088895392e-198,9.579802077674984
253.30372033354718,305.62668377164846,313.8864656831302,0.09960884891610923,3.6399955991269435e-73,9.579802077674984
236.10976442471832,254.20501877773984,319.05513827244795,0.0996186146562229,5.880420395060003e-267,9.579802077674984
206.88125656282813,244.0092754637732,309.3469548477424,9.78771619450761e-247,0.09967667201566639,9.579802077674984
277.70171878730014,292.1622105514442,309.19479589400817,5e-324,0.09978714803152973,9.579802077674984
180.09265566790847,250.39590207557208,308.0465673230442,2.0446178765986735e-48,0.09961956479278686,9.579802077674984
341.4821990035312,230.09333430077882,303.0583127751173,6.662981667518708e-95,0.09963435919475756,9.579802077674984
310.05191873589166,229.5928329571106,305.96275395033865,5e-324,0.09975700932973622,9.579802077674984
205.8572141787319,280.2442170078216,309.175902812448,0.09961251330076379,1.8702251321271125e-143,9.579802077674984
198.4996147177808,232.8448275862069,302.9419187054517,5e-324,0.09975268574202127,9.579802077674984
318.31365853658536,232.57804878048782,300.3565853658537,5e-324,0.09971978780658619,9.579802077674984
230.05928338762212,220.539657980456,284.9482084690554,0.09962322365850586,1e-323,9.579802077674984
274.72067946824217,241.95672082717877,302.14431314623334,5e-324,0.09976096128164973,9.579802077674984
199.82414820331408,257.73794451684984,310.78132563768384,1.5534920863969996e-235,0.09967342536200731,9.579802077674984
209.92863667504002,214.57376113267867,307.07684402831694,3.969346578958839e-184,0.09965967772412651,9.579802077674984
232.9236947791165,211.2630522088353,308.0421686746988,5e-324,0.09975161277942707,9.579802077674984
228.83193979933108,196.258751393534,295.1455406911929,5e-324,0.09980189933032796,9.579802077674984
288.760853432282,239.82566481137908,294.1233766233766,0.0996103427360737,7.542707208993482e-100,9.579802077674984
193.00770779588498,203.54479959730696,298.0211728433902,0.09960913617292667,6.681183007042907e-84,9.579802077674984
211.74554455445545,260.8656765676568,298.4122112211221,0.09962381721404705,1e-323,9.579802077674984
302.3941147701337,207.20850994457126,292.91432996413437,0.09960944806686464,1.5669214708657153e-84,9.579802077674984
250.45261515180172,249.68518868816795,289.67591979570597,3.700363185938334e-240,0.09967496909253445,9.579802077674984
206.151617490224,223.1889441877,301.37024528972626,0.09962103852250556,1e-323,9.579802077674984
259.19077212806025,289.90941619585686,296.4050847457627,7.709937165315499e-238,0.09967458043415,9.579802077674984
245.44205780959962,193.00769026783348,290.0379209758685,1.09330078e-315,0.099695132349648,9.579802077674984
242.1008215085885,294.9576549663928,289.5616878267364,1.463101786130726e-38,0.09961649548147199,9.579802077674984
239.0876147272919,263.0245279037873,287.6143580546472,0.0996291389947816,5e-324,9.579802077674984
300.34053862508864,218.0616583982991,292.41070163004963,1.640691601440419e-266,0.09968108053326642,9.579802077674984
242.49581151832462,318.98333846627656,281.2900831536803,2.9776990930004547e-90,0.09963218082068476,9.579802077674984
190.4668825910931,244.11975708502027,281.27570850202426,0.09962281847214263,1e-323,9.579802077674984
215.61236903171363,320.62594051051263,285.7719921243232,5e-324,0.09972636215840462,9.579802077674984
324.326287098728,215.1741368867353,286.2050272562084,0.09962299655632356,1e-323,9.579802077674984
323.40166088017264,291.1134934784649,287.52749366613494,0.0996195548529483,1.0052354214514312e-286,9.579802077674984
265.1858486341245,255.74843260188092,268.0523958799821,1e-323,0.0996914692365366,9.579802077674984
258.1275212909009,290.2620648438667,275.39212610189753,5e-324,0.09972317463969683,9.579802077674984
239.30369605819325,274.42725842917525,264.99415118450804,6.696487235480468e-86,0.09962980762057559,9.579802077674984
328.83437761069337,238.60265246449453,276.6662489557226,0.09962542610079739,5e-324,9.579802077674984
138.29126375458486,261.33361120373456,288.7590863621207,5e-324,0.09974660995152963,9.579802077674984
273.21729957805906,228.47106690777576,296.57896323086203,0.09962312678177154,1e-323,9.579802077674984
222.64298978644382,234.46409780253796,280.63525224388735,3.95e-322,0.09969644325233665,9.579802077674984
191.94524735964424,354.00194552529183,277.23003520474344,0.09962340021366937,1e-323,9.579802077674984
336.7411504424779,251.05199115044246,288.5604719764012,8.852283775595806e-190,0.09966000286689228,9.579802077674984
123.67414155571129,254.62543798177998,272.5121466946975,5e-324,0.09975733904662516,9.579802077674984
126.55902635251621,267.61460471225683,274.3414744273869,4.037366305620001e-215,0.09966845528245466,9.579802077674984
347.1338604445428,245.9099303328541,273.33191418776954,1.3386349167667902e-231,0.09967215314072447,9.579802077674984
285.86345246122727,310.0357383681726,275.44428523263656,0.09962031627132054,1.796012055615331e-303,9.579802077674984
270.8865706418132,261.87026053802157,276.9696038974794,0.09962148926122746,1e-323,9.579802077674984
293.16906976744184,224.11488372093018,259.8749612403101,0.09963081602780574,5e-324,9.579802077674984
356.7598836341937,268.378561837983,273.7374310010444,1e-323,0.09970161767275877,9.579802077674984
213.9212431693989,289.31837431693987,275.07841530054645,0.09963018341984795,5e-324,9.579802077674984
157.1943954693594,278.7396751616178,267.5642731206924,0.09962241808648772,1e-323,9.579802077674984
261.3997775742509,244.53375637838548,268.35712416590343,2.5886594697408617e-69,0.09961627651822881,9.579802077674984
145.5315906944802,306.92304060434367,270.20572581337456,1e-323,0.0996969622908214,9.579802077674984
135.91633554083884,289.43311258278146,275.9814569536424,0.09961855665783138,8.165412683682635e-267,9.579802077674984
282.270197486535,215.00269299820468,271.68245062836627,1.6759420375600378e-292,0.09969025713430936,9.579802077674984
181.51215163742145,300.08412311156985,261.4633105001408,0.09962123432868611,1e-323,9.579802077674984
197.97774060730828,279.07153885743696,269.8178075141534,1.0854594896514774e-143,0.09964903886947475,9.579802077674984
187.90564418055652,207.78703769940626,265.33124687030545,0.09960643186618368,1.0813761011549076e-29,9.579802077674984
310.7911392405063,280.2443037974683,269.4779535864979,0.09962029524756381,1.5156589552248354e-301,9.579802077674984
159.14651162790702,249.1705426356589,275.04573643410856,5e-324,0.09972220998594394,9.579802077674984
209.49782067247818,246.3483810709838,269.6335616438356,1e-323,0.0997062947902292,9.579802077674984
160.24063343649175,246.97889642457363,260.62866267202213,0.0996084742612387,1.12778379977849e-67,9.579802077674984
172.18769768603298,217.1798734809389,264.5992175794906,0.09962071160061409,1.1694668e-316,9.579802077674984
135.39190481884492,230.4063733110128,262.10217625254097,0.09961154014074874,3.275195256481214e-125,9.579802077674984
252.07286222036382,231.50439054986413,264.9139661300439,1e-323,0.09969994168482338,9.579802077674984
213.11885856079402,267.9490074441687,266.30843672456575,5e-324,0.09972471512427011,9.579802077674984
320.91094493541806,201.51699524133244,262.0552911851348,2.9319966861392403e-207,0.0996652297194484,9.579802077674984
134.55095176756834,292.1826964362388,259.91362530413625,1e-323,0.09971287281022981,9.579802077674984
330.53413632926436,269.69898455223074,252.74586799179002,1.1240093785598159e-157,0.09965071824746699,9.579802077674984
331.4079448841982,267.60964526531814,265.64042802697156,6.742892806002473e-26,0.09961241148576633,9.579802077674984
203.7438136826783,206.37336244541484,262.9112081513828,5e-324,0.0997849241050017,9.579802077674984
141.74465983454746,344.50845783430054,255.00049388813437,5e-324,0.0997632918278488,9.579802077674984
170.41169716275283,325.7229054004,254.54948514704796,1.2631125477475536e-245,0.09967680383421015,9.579802077674984
308.5034742902521,314.49324995036733,257.9373635100258,1.0580792071241397e-283,0.09968587920561724,9.579802077674984
198.2787439613526,269.42689210950084,262.02721417069245,0.09961014950629708,1.2556763872269888e-95,9.579802077674984
304.3285449490269,256.1772474513438,261.14990732159407,4.359355871471699e-290,0.0996866653201116,9.579802077674984
257.4172787011983,209.9942984151527,256.09818322381136,0.09961899352121072,1.1348964897502727e-276,9.579802077674984
233.43695345557126,305.8217207334274,256.18476727785617,5e-324,0.0997227836863383,9.579802077674984
255.3057188884414,280.89782521143775,248.9538058799839,0.09962256180483459,1e-323,9.579802077674984
329.11168183152336,316.7349574405636,257.24112122101553,5e-324,0.09971899085145981,9.579802077674984
281.85020920502086,262.77259414225944,247.81778242677825,0.09961443198329305,4.6509832512563485e-156,9.579802077674984
187.38466316292403,249.4263736263736,249.1075489727664,0.0996250637660722,5e-324,9.579802077674984
281.161946528585,207.4327908697031,251.55135792032127,2.276332958524646e-86,0.09963195000561734,9.579802077674984
309.8176063536998,234.2036250688056,248.38149720846107,6.3583418865859e-104,0.0996360469951143,9.579802077674984
283.58261051624095,278.88888556559186,267.6389005204283,0.0996189104485305,1.8389486008490458e-272,9.579802077674984
310.5116038386753,261.9260176880136,241.73527566957284,4.337159643504823e-132,0.09964407000433446,9.579802077674984
209.47170145030069,237.9225327201981,263.2760877255041,1.458963284518549e-198,0.09966519238428198,9.579802077674984
201.99516250234834,177.19063498027433,249.52855532594398,0.09962168490483823,1e-323,9.579802077674984
159.299583007558,316.54117800364867,263.76374771957256,5e-324,0.09973354912114148,9.579802077674984
127.765625,253.8532162408759,239.80520072992698,0.09961246874222442,3.5445764886150506e-141,9.579802077674984
258.3322368421053,293.6743421052631,264.9407894736842,1.1480170624812252e-48,0.09961902593417125,9.579802077674984
233.9646331211721,258.3642968656178,247.2690644890117,0.0996217775744078,1e-323,9.579802077674984
258.87298075933745,187.37745652844944,253.655931680214,0.09962606850397776,5e-324,9.579802077674984
283.59533834586466,323.5103759398496,253.32661654135342,2.95919107479542e-293,0.09968871625107707,9.579802077674984
195.7709701632577,326.46603490335895,260.125258022143,0.09961688673563501,6.95446270417652e-232,9.579802077674984
344.4022731688362,251.77608315523602,249.92957062366432,0.09962076387529244,6.61726847406e-313,9.579802077674984
262.6073446327684,228.0284147557328,254.99285476902625,0.09961293904301222,2.1453411401870058e-124,9.579802077674984
337.542280466807,218.0955615075569,256.0352974937823,7.54621709805508e-182,0.09965856725698029,9.579802077674984
222.4130592722649,208.44242295816437,246.2428709814131,1.2440753683742222e-266,0.09968246469833239,9.579802077674984
181.0616397366846,352.45451825254344,253.89796529024537,0.09961343484049606,1.7460622653469733e-161,9.579802077674984
198.32541845075906,336.6423705722071,255.1263137407552,5.247406224425408e-272,0.09968347817963212,9.579802077674984
225.10068995256577,243.92302716688224,245.4593790426908,0.09962669581626375,5e-324,9.579802077674984
322.01532033426184,187.20612813370477,264.47353760445685,0.09960808224124866,6.792596814860685e-60,9.579802077674984
166.6301775147929,327.198224852071,261.8905325443787,5.0755481329774494e-195,0.09966277695890592,9.579802077674984
295.40836344863186,208.6827568404749,254.71708828084667,3.1964670625780197e-91,0.09963239193929259,9.579802077674984
162.93135483870967,158.25522580645162,244.7701935483871,1.4179698562444748e-243,0.09967705178542191,9.579802077674984
228.85201858844033,331.43886145803083,249.70999128666855,0.09961995182235882,3.4337879576197204e-296,9.579802077674984
346.8077694235589,300.05889724310777,250.80764411027567,0.09961956335685426,1.6592732156368632e-286,9.579802077674984
321.5897451833437,288.7114356743319,250.74313238036046,1.3340004352016128e-08,0.09960659315995594,9.579802077674984
231.63169642857144,281.0033482142857,254.75446428571428,0.09961906293974303,1.4330000659543008e-276,9.579802077674984
251.00281173594126,247.040586797066,237.31540342298285,0.09961779498365576,6.646849482615513e-232,9.579802077674984
259.82607095539527,317.1166642131606,248.28801707640216,0.09962067955306456,5.515160954657e-312,9.579802077674984
191.14952015355087,306.5852207293666,246.69078694817657,5e-324,0.09976108116418389,9.579802077674984
207.08946558477896,361.961527700056,241.351496922216,6.309192946900474e-298,0.09969081905470531,9.579802077674984
273.31482541499713,293.0721236405266,248.18660560961652,5e-324,0.0997178145123532,9.579802077674984
221.90863787375412,206.94186046511632,254.38039867109637,0.099621410060285,1e-323,9.579802077674984
182.4863229052036,379.86791909028983,235.7183094901221,0.09961532248461354,5.616575396129789e-201,9.579802077674984
152.69350943396228,371.57683018867925,241.69116981132078,5e-324,0.09971647809792158,9.579802077674984
213.93203515684198,313.7503409607516,244.31466888922563,1e-323,0.09971295713047092,9.579802077674984
284.1566328845863,297.13364090152777,234.93805778248372,0.0996310641744824,5e-324,9.579802077674984
92.18296892980436,279.1852704257768,250.55983889528198,0.0996130212022532,5.019827858518916e-152,9.579802077674984
354.9282205240175,223.4511462882096,245.9796670305677,0.09961801426041748,9.329235107623611e-254,9.579802077674984
344.98003472222223,203.62000868055557,248.97048611111111,3.422315502525922e-152,0.09965011981228421,9.579802077674984
158.3078414476519,316.9006893580353,247.6563981042654,0.09961785834972914,2.908279547701573e-252,9.579802077674984
157.59136212624585,342.23359634551485,242.15303156146183,0.09961762229886151,4.732872674546153e-248,9.579802077674984
115.33704948075749,306.89141722663413,241.2335064141723,0.09961309710469947,1.1124902532167635e-155,9.579802077674984
169.20403550587656,272.029711514753,238.19055642311167,5e-324,0.09973264289621611,9.579802077674984
127.41220238095238,350.37251984126993,240.84548611111111,0.09960642208857902,1.1532401999767938e-30,9.579802077674984
138.87248432860443,204.152589904322,236.88271197624547,0.09961844877651843,1.786361124267478e-263,9.579802077674984
315.65689884422625,195.27058402372919,236.51319423135934,3.1753681556151472e-86,0.09962994450899874,9.579802077674984
193.4832495039454,146.00242259240454,227.23794471874854,0.09961388250519529,2.4961766917020423e-172,9.579802077674984
287.40356025039125,359.8360719874804,239.5684663536776,0.09961599401604546,5.420357238467189e-211,9.579802077674984
208.99008961863018,266.7297376856152,216.02901157846537,0.09961662239483782,1.9409517772343798e-225,9.579802077674984
115.13631925799363,262.7111300951916,243.20368562362702,0.09961546373522752,1.1324095464548197e-199,9.579802077674984
154.6432584269663,220.85161929940517,239.34790152015862,0.0996192718574727,5.466187412088456e-280,9.579802077674984
293.44589508350975,247.76840743354504,233.99188426252647,0.09962002512039157,1.391043691373376e-275,9.579802077674984
284.0314720812183,236.30507614213195,238.51725888324876,2.0599018368580905e-24,0.09961393047590665,9.579802077674984
245.4570365358593,232.87415426251687,241.0808525033829,1e-323,0.09970075127803736,9.579802077674984
157.59716771881932,185.8401296707046,235.7880907694933,5e-324,0.09975229918564124,9.579802077674984
354.73626558813623,240.4238287832828,236.47809234917423,1e-323,0.09970300901458544,9.579802077674984
318.40255615801703,300.0323005422153,230.5983733539892,3.8058420315667035e-152,0.09965052664008538,9.579802077674984
327.0992296097806,216.09973203818456,236.2919946407637,0.09961692941116988,4.7184467264845415e-228,9.579802077674984
213.02148235641516,386.469142182194,232.81507456075596,0.09960898252884459,4.000567499897232e-76,9.579802077674984
236.4769678261902,342.9155289089398,235.57348925560962,0.09960991836082472,2.411673438343775e-94,9.579802077674984
207.39074550128532,316.66709511568126,240.47043701799487,5e-324,0.09973163108975616,9.579802077674984
155.47439916405438,297.3254963427377,238.7985893416928,0.09962225452252403,1e-323,9.579802077674984
196.68704488642535,281.2523095315727,232.82572546462345,0.09962171944542379,1e-323,9.579802077674984
304.9383196502825,184.02382983260475,230.55395031453247,0.09961604247771279,6.288773165187092e-211,9.579802077674984
257.20702495201533,361.99197696737036,226.796660268714,0.09961063051580155,7.408665480880165e-111,9.579802077674984
344.4205526770293,338.4913644214162,238.96459412780655,0.0996237441279089,1e-323,9.579802077674984
104.4816860058717,293.06381937648536,232.91940444568715,5.341254048638104e-286,0.09968661999138935,9.579802077674984
269.4498054474708,257.19260700389106,237.79805447470812,0.09961312387407989,7.537971822327337e-136,9.579802077674984
203.53815126050418,218.2381512605042,234.15563025210082,0.09962455903888398,5e-324,9.579802077674984
273.15785884759634,377.9815888169109,231.87674735765427,5e-324,0.09971439308326555,9.579802077674984
210.57912675018426,307.7466838614592,221.84119380987468,0.09960967535798201,4.953590600484362e-88,9.579802077674984
332.00442477876106,231.45575221238937,235.05575221238942,0.0996153844702956,3.328188340404926e-196,9.579802077674984
245.77666689890614,206.437574026336,227.4032954782972,1.0090948080507082e-148,0.09964826958588824,9.579802077674984
221.02814698983585,181.7658326817826,232.77365129007043,1e-323,0.09970684341393612,9.579802077674984
177.9559680883707,211.30899048787973,230.08944461491254,5e-324,0.09976937658699378,9.579802077674984
124.07807839056538,326.9502948317724,240.50117932708986,5e-324,0.09971739936345117,9.579802077674984
290.9706774519717,333.78640040444895,226.58569261880692,1.1153882364392421e-291,0.09968810300439757,9.579802077674984
290.5796417332365,300.1178891309611,213.9180585814573,8.887445379852734e-221,0.09966966060910182,9.579802077674984
334.49427024304237,281.75185744868406,218.51933005918653,0.09961514604259337,5.765390048574354e-193,9.579802077674984
364.7933673469388,264.2716836734694,232.3813775510204,1e-323,0.09969934423526625,9.579802077674984
374.0265013712431,261.03909441988026,224.13245088711034,0.09960697774420965,2.0591670419876733e-40,9.579802077674984
363.66666666666674,241.9549718574109,230.82395247029396,0.09961389217129359,1.5351787330085593e-170,9.579802077674984
151.1807291069586,254.63859910581218,227.52992089877338,4.275147217235342e-88,0.09962630433243604,9.579802077674984
220.95466491458612,281.25652337150365,233.6576872536137,1.6779188832490417e-153,0.09965219548640109,9.579802077674984
132.42582064918395,229.91261690812402,224.58701632129106,2.559437992137197e-255,0.0996780623793221,9.579802077674984
299.7240827382418,217.26335877862599,229.6883772469835,0.09962041799840962,4.265743849526811e-285,9.579802077674984
346.6311465685984,214.11296636811198,220.30965656326,1.5075762140096499e-149,0.09965017936519062,9.579802077674984
165.76000672721156,357.4908061441865,226.0054378293531,1.7667185410206893e-204,0.09966537929597889,9.579802077674984
249.5211138819617,323.2513715710724,222.54488778054863,1.891061345266036e-266,0.09968239974326384,9.579802077674984
169.8947832908413,313.3256520886448,227.1934693077074,0.09961758847384068,7.50160574526099e-247,9.579802077674984
335.8002771789344,305.13751154912234,217.5257160455805,0.09962335773781383,1e-323,9.579802077674984
184.26422503606344,225.96786343965383,228.81495431960252,5e-324,0.09975961482173155,9.579802077674984
181.31204180315083,166.18242083918267,227.45663703010447,5e-324,0.09973559199450215,9.579802077674984
228.36000881834212,394.7301587301588,222.32980599647263,5e-324,0.09974743761452862,9.579802077674984
202.72873263888889,334.6961082175926,218.9671585648148,0.09962748052811332,5e-324,9.579802077674984
272.07883522727275,280.5248579545455,226.57954545454547,5e-324,0.09973102462933439,9.579802077674984
285.42729083665336,214.93426294820716,230.59860557768928,8.542478665238539e-173,0.09964805780120757,9.579802077674984
201.94585302965191,243.23592608508807,222.81607219596046,1.68507434138413e-310,0.09969294724668012,9.579802077674984
177.181098546042,182.2563812600969,225.32617124394184,1.537405751234116e-205,0.09966734745278204,9.579802077674984
240.71571863890296,373.56691213814116,219.91835957338748,0.09960883535486661,4.62743017074183e-75,9.579802077674984
298.7105732105732,353.35046035046037,222.8050193050193,7.822496684069951e-166,0.09965386326518023,9.579802077674984
309.5850264314375,216.87099547799502,213.55872237437103,0.09961653500778923,5.95107555787044e-222,9.579802077674984
170.58280254777068,169.44705414012736,218.0423964968153,0.09961259970896205,9.82778262389358e-146,9.579802077674984
283.83538947066415,163.23031128962842,220.66410844928998,0.09962040246096003,3.018095896908141e-307,9.579802077674984
273.1628858746492,391.6879092609916,219.47614593077645,1e-323,0.09970020080705666,9.579802077674984
274.589034989971,346.25640739915315,221.79128593715177,0.09961525136728754,6.198025108275191e-195,9.579802077674984
139.9505341384115,314.03098002786805,218.02726428239663,0.09961519022539457,2.4135495839873085e-197,9.579802077674984
126.88197751952751,294.8440655362926,227.11516479329399,2.5080764117335816e-235,0.09967389430808561,9.579802077674984
236.59677941414466,285.73919728111343,224.37117656578732,2.5158372262725413e-287,0.09968703435369104,9.579802077674984
132.11583656028841,263.3264120710375,219.14534650821201,1.999552278699823e-17,0.09960414715858582,9.579802077674984
337.16017607457275,250.2568099430347,221.17032625582598,0.09962056623884948,1.18082468679664e-310,9.579802077674984
232.05694850060544,168.16885105776763,226.90045587292545,5e-324,0.09973690881872875,9.579802077674984
234.85565452521075,310.1783839669158,221.47995864482263,0.09962311696664636,1e-323,9.579802077674984
265.1577256665596,226.01509797622876,224.02810793446838,0.09962978639546391,5e-324,9.579802077674984
299.89340154520784,372.17477552725,211.07130925036546,1.2686871650490377e-108,0.09963892852815881,9.579802077674984
253.2198896720809,277.5026049647564,221.8326693227092,0.0996236651109199,1e-323,9.579802077674984
203.5609735269001,191.23737546256763,211.64415029888985,0.09962266089308053,1e-323,9.579802077674984
322.2467940329757,360.2172206228736,218.47330541743,1.2048610454817215e-266,0.0996810006559703,9.579802077674984
106.64734917733091,325.5263254113345,216.4625837903717,1.651366569732985e-116,0.09964058727647991,9.579802077674984
108.42001385041551,272.0141966759003,205.06763619575253,0.09961958136418131,7.45304248674572e-276,9.579802077674984
235.84048059149728,174.44085027726433,220.68225508317929,5e-324,0.09973043976135872,9.579802077674984
156.55287326161113,155.2696142744687,221.66032537391757,2.457945354284019e-254,0.09967915691606263,9.579802077674984
217.2760203085335,405.27465338801017,207.66324936535838,1.3463227100082223e-270,0.09968373254319546,9.579802077674984
189.8460144927536,351.57995169082125,219.0350241545894,0.09962334189373152,1e-323,9.579802077674984
335.3189935064935,349.05032467532465,217.39015151515147,1.2134314370355546e-45,0.09961893515312388,9.579802077674984
145.8837062869321,277.9643030126901,214.17490070715883,5.172742901279587e-298,0.09968971481834103,9.579802077674984
282.7652317101858,193.7065396377323,217.1493766172665,5.47555065428956e-270,0.09968205805325056,9.579802077674984
138.97154721624116,364.66010458320517,215.09181790218395,5e-324,0.09978323155781235,9.579802077674984
218.74156441717795,359.4884969325153,220.50383435582825,2.5907366193966644e-124,0.09964309112791159,9.579802077674984
290.92943349753693,273.3405172413793,214.91773399014775,0.09962164929807961,1e-323,9.579802077674984
270.5149374243036,255.74949535728703,219.16047638272101,1e-323,0.09970543176393146,9.579802077674984
240.0666466225697,232.77049508919623,215.22559631188614,0.09961750322082022,2.341904054864205e-242,9.579802077674984
213.92044801838023,228.9012062033314,214.83649243729656,0.0996160822023007,1.229196455155195e-215,9.579802077674984
269.20830370545946,232.47408548629213,203.6573832661768,0.09961599306067973,2.1201912158630455e-210,9.579802077674984
293.44704630122413,206.5500266098989,217.5303352847259,1e-323,0.09970895805606475,9.579802077674984
126.35691785800823,336.18221468378965,208.6213956869397,0.09961325305704481,9.158106300692325e-159,9.579802077674984
183.4013073570879,275.5556267623686,218.8083824660344,0.09960778692842114,2.397008833965462e-54,9.579802077674984
168.61129807692308,244.45809294871796,213.05416666666667,3.1746680350260193e-48,0.09961915922319245,9.579802077674984
329.4021406727829,214.6918960244648,215.7935779816514,3.34562040085298e-271,0.09968311187439471,9.579802077674984
113.7875554323725,349.3788802660754,207.98184589800442,5e-324,0.09975916375199224,9.579802077674984
303.65996384997743,332.4021690013556,215.61296882060554,0.09963358087378445,5e-324,9.579802077674984
279.46270609788013,319.40002617115937,211.8892959958126,0.09962066908996936,1.49829099441506e-310,9.579802077674984
118.34819546074664,304.1952747116457,208.5576708421183,0.09961351409964879,3.9277158919298725e-162,9.579802077674984
150.9186950296584,193.40359310015683,207.77626644848985,0.09961687917252607,6.812519105004359e-231,9.579802077674984
230.67034068136272,356.0210420841684,219.312625250501,5e-324,0.09971594580684277,9.579802077674984
112.75520330201107,210.10604197769382,212.5258189163081,0.09962013930977398,4.143324895279669e-299,9.579802077674984
234.61004784688998,201.30622009569382,222.4736842105264,0.09961489413857527,4.672775016753566e-190,9.579802077674984
158.2577369129237,394.93153713077453,206.32187479976932,5e-324,0.0997435879257335,9.579802077674984
164.61686220381873,377.35093167701865,211.2798481711525,1.3096762335848527e-271,0.09968364614100454,9.579802077674984
316.47613001523615,260.52979515828684,205.79067208396816,5.469945386921713e-187,0.09965956128233007,9.579802077674984
314.55733650851806,239.64984429382676,210.906301520425,0.09962239160534493,1e-323,9.579802077674984
204.18988663484487,172.8547136038186,206.10724940334129,0.09960761939783926,9.447345368372461e-54,9.579802077674984
95.95625,287.9190789473685,209.8590460526316,4.346842e-317,0.09969498969915074,9.579802077674984
134.6719212865002,209.08495556495976,207.45884468895468,6.966535671033043e-70,0.09962537814077026,9.579802077674984
270.60962103518415,363.6442778573043,197.2262864461689,0.09961343017727013,3.843375882849927e-158,9.579802077674984
288.91781434448217,231.75719906993385,203.5230727955643,4.1382511546025956e-141,0.09963806203507727,9.579802077674984
146.64278594567656,348.4593820084725,212.36020433590832,1.7e-322,0.09969720959721487,9.579802077674984
190.01677215189872,309.8036392405063,208.92389240506333,0.09960667457319494,1.643085117263268e-36,9.579802077674984
363.5122768828907,233.16634740966475,203.7579016107967,1.405530223241059e-208,0.09966688684628806,9.579802077674984
174.65018966334756,203.9579184447605,204.0761024182077,0.09962535492129103,5e-324,9.579802077674984
219.4738562091503,147.87755991285403,208.75838779956428,0.09960982567060903,2.3562760628048167e-91,9.579802077674984
199.8795950684312,381.0003958828187,205.97562492930663,0.09962524459653535,5e-324,9.579802077674984
223.59796791443853,351.0202139037433,207.20759358288768,5e-324,0.09974946138364861,9.579802077674984
321.2018587360595,323.49479553903353,207.73401486988845,4.886688822726052e-149,0.09964924374565673,9.579802077674984
298.47889892323724,305.74183744355685,196.34899270580058,0.09962737962912639,5e-324,9.579802077674984
345.9068893163141,293.7316838608148,202.19942297604481,5e-324,0.09976455447674708,9.579802077674984
185.4747487010149,324.40249113776525,189.14215995726704,0.09961873202921825,3.3713954249230763e-271,9.579802077674984
256.15913534651315,191.1326308928959,204.30784271127524,0.09961588702438483,1.300275018738888e-207,9.579802077674984
137.23379826501105,167.78499744854562,198.1026535125021,5e-324,0.09974802880266241,9.579802077674984
204.70265151515147,403.9604978354978,207.9469696969697,5e-324,0.0997482790097711,9.579802077674984
163.33110087902892,331.28945165341145,208.70950188363327,5e-324,0.099752012184243,9.579802077674984
106.43878904436632,315.9118310232774,194.53494926719281,5e-324,0.09976129737333012,9.579802077674984
158.75174273313166,170.76647376035774,199.94350914112846,1.66648676931541e-309,0.09969361320042537,9.579802077674984
158.86280422140857,301.04070643980185,199.25597673917724,0.09961543776446301,6.892362734323454e-202,9.579802077674984
268.32333201737066,194.7703316225819,199.88077378602446,0.09961732507902962,3.811395866127693e-236,9.579802077674984
315.268259093931,180.43076265552287,192.77861145407917,0.0996296114361755,5e-324,9.579802077674984
264.6067758673313,149.91998168684506,191.1991046902025,2.7625185175838366e-204,0.0996660696998001,9.579802077674984
237.2672407365988,391.6822858420935,193.52564676060538,0.0996267660788235,5e-324,9.579802077674984
358.7855790683524,266.74447299033193,194.15972550875526,1e-323,0.09969815827661598,9.579802077674984
161.9099258781824,265.65146632291334,203.7992265549468,0.09961983723281256,3.279196128925189e-280,9.579802077674984
270.83869213102867,262.09144204037227,189.80666021999275,1.4725497579787186e-48,0.09961892115356416,9.579802077674984
306.7353033760919,256.6705359250807,178.47363657826398,0.0996103244644689,3.4716738879678566e-100,9.579802077674984
240.886641113004,172.31175468483815,190.85966780238502,1.838578996301552e-201,0.09966478752604134,9.579802077674984
133.53386081334014,373.1401225114855,199.69993193806363,0.0996222309510772,1e-323,9.579802077674984
253.1081297745921,336.12284259171935,197.6643874375177,0.09961814247240296,4.3644072206882135e-263,9.579802077674984
86.36039150354019,274.74506455643484,191.2858392336526,0.09962361854561134,1e-323,9.579802077674984
207.9642857142857,204.88832199546485,193.62925170068027,0.09961289040558491,7.135727742109526e-150,9.579802077674984
182.15894792030758,412.7472037749039,192.34437259699402,1e-323,0.09970284703694583,9.579802077674984
320.1976341604155,338.6934987497596,200.7394691286786,4.8080348486664146e-147,0.09964835648036284,9.579802077674984
152.77985555842147,353.7739231364457,199.66894506061385,0.09961607346915786,2.4248567635594015e-214,9.579802077674984
121.72765583032324,188.9581828285635,194.55149578586642,1.7112768647168554e-293,0.09968898797260999,9.579802077674984
175.01848020962623,139.4662805130327,194.78237484484902,0.09961025831293516,2.328775439337385e-99,9.579802077674984
219.36059939510585,376.32815507286233,202.93249931262028,0.09962796338803946,5e-324,9.579802077674984
169.87964254024592,344.9876410191406,192.7148561287869,5e-324,0.09971634178669345,9.579802077674984
199.53435710567413,351.2714731910463,196.17326045462437,1e-323,0.09970954152602554,9.579802077674984
185.83998172959804,285.7347746650426,200.77694884287453,1e-323,0.09969805289013083,9.579802077674984
187.43684114034284,257.5654505454212,197.74447703730863,0.09961354433781094,2.6254863068215703e-162,9.579802077674984
287.80911471117656,173.5109638357061,199.0038455244641,1e-323,0.09971364893940607,9.579802077674984
204.9379973474801,341.1455570291777,190.9184350132626,5.451566245474923e-203,0.09966481559396631,9.579802077674984
284.87158908507223,247.86211878009632,199.05473515248798,5e-324,0.09977389257948205,9.579802077674984
243.87906846240182,213.7647306397306,195.60732323232327,3.799485579491206e-46,0.09961771496133924,9.579802077674984
295.4746470757707,163.1358398156151,189.4236531259004,1e-323,0.09969896602508503,9.579802077674984
240.37327446834968,349.8530655391121,183.44055465738086,0.09962070840510699,1.9118127e-317,9.579802077674984
210.03926701570683,289.39799602816385,193.85611121141002,5e-324,0.09971823899053336,9.579802077674984
129.71005112585664,287.2448058305232,193.59333188295446,0.09962979942551507,5e-324,9.579802077674984
199.95406784749323,165.96922845992196,182.50480336235364,0.09961449525120196,1.5402462134298934e-185,9.579802077674984
212.9840087145969,418.9765141612201,188.4416122004357,0.09961362580569486,7.596561589657892e-165,9.579802077674984
222.2899185650964,313.91923513039893,192.5209256777652,0.0996095300719338,9.44107337183447e-89,9.579802077674984
302.4583676834295,365.93487221764224,196.5589447650453,0.09961843668031024,5.202293841188831e-262,9.579802077674984
357.6613691931541,329.1234718826406,200.98899755501225,1.661544023921651e-201,0.0996650202242392,9.579802077674984
244.84709714504692,253.4852462157501,194.58708564859168,2.539321986989828e-102,0.0996353937777582,9.579802077674984
135.82068905515922,242.3738472246389,190.08152079345746,0.09962178604214321,1e-323,9.579802077674984
227.28797696184304,191.59899208063354,193.54490640748742,5.6323811336424246e-161,0.09965229711435993,9.579802077674984
324.66468435498626,298.63488432884594,183.2213436152137,9.9012317625525e-183,0.09966001301800961,9.579802077674984
318.28096069868997,286.80934497816594,190.2355458515284,9.837692961238619e-203,0.09966460439254896,9.579802077674984
139.17485182049109,256.11092294665536,193.8801862828112,0.0004970414524658101,0.09910855239045945,9.579802077674984
220.6596800708144,238.2710546282246,168.9335483055134,5e-324,0.09974226585713916,9.579802077674984
262.7798127237676,132.16125034425778,193.50468190581108,1e-323,0.09971251102249522,9.579802077674984
152.79987531172068,417.89152119700753,196.52431421446386,0.09961458244523273,8.66454231777862e-185,9.579802077674984
290.49984264358767,275.69968528717544,189.36876475216368,0.09962119660059855,1.5e-323,9.579802077674984
336.2990822681088,261.31120943952806,188.14355948869223,0.09962568888335656,5e-324,9.579802077674984
276.55477178423234,396.51784232365145,187.2170124481328,0.09961334049901915,3.3426703896207217e-162,9.579802077674984
185.904204851752,365.8386522911051,188.18970350404317,0.09962156568828015,1e-323,9.579802077674984
299.1642814549791,341.1580202742994,188.69588550983897,7.60226324653605e-132,0.09964710639749787,9.579802077674984
329.9131425233645,208.91752336448602,184.3990654205608,1.152269942328567e-185,0.09965935685994003,9.579802077674984
258.6128868880135,127.35120990433313,175.16629150253237,0.09961122373290568,5.949323010356802e-118,9.579802077674984
278.6420362273579,337.20468457214236,190.34084946908183,7.019426473365346e-154,0.09965313543228804,9.579802077674984
328.80890524102716,323.59220603694246,183.83443459978974,0.09961906733613447,1.0307194155999258e-277,9.579802077674984
155.3145009416196,290.4830508474577,187.34023854362837,6.0179305933519225e-124,0.09964219396665751,9.579802077674984
114.16142646944941,233.04696817161,189.47777433594047,2.642277929705119e-170,0.0996502676200773,9.579802077674984
216.13720073664825,402.6424186617557,192.73204419889504,1e-323,0.09970111484349438,9.579802077674984
266.4007081948258,286.0291227055933,190.14705882352942,8.593991141791771e-68,0.09962745698569021,9.579802077674984
292.0974025974026,206.74305866547246,181.8555754590237,0.09963127168366288,5e-324,9.579802077674984
309.8090117070515,384.85420637081404,187.6512387693983,0.09961576313832408,1.7034241810484974e-205,9.579802077674984
254.45106696100075,314.87496058025863,182.75512456638282,0.0996255668567286,5e-324,9.579802077674984
111.52877697841728,267.2597122302158,186.668345323741,5e-324,0.09974767087129217,9.579802077674984
162.3014661699315,139.7148780194688,174.3289869006129,1e-323,0.09970876384607708,9.579802077674984
212.6257111893796,276.3119750745056,179.749525873747,1.2581762870669766e-196,0.09966360507082048,9.579802077674984
350.1426001840543,227.24935162720658,180.59621015644606,3.35856291356312e-288,0.09968732121185063,9.579802077674984
344.91009463722395,231.99053627760253,189.93533123028388,0.09961487997700143,1.9065578328514147e-188,9.579802077674984
152.96300715990455,150.00630753494715,181.04006137061032,5e-324,0.0997320902055469,9.579802077674984
102.70011409013121,343.33205932686826,178.374500855676,0.09961698349864978,1.666504478057479e-232,9.579802077674984
209.15580261955532,250.7640877246421,186.99558330795008,0.09962298716665668,1e-323,9.579802077674984
153.9255940394684,216.7999395892066,183.71667337897702,0.09962595819667269,5e-324,9.579802077674984
114.87480798771121,322.610599078341,184.09754224270355,0.09962285927177034,1e-323,9.579802077674984
231.92864897876092,276.80698242518827,192.09611861301482,0.09962032921306795,1.2042378687675792e-303,9.579802077674984
227.7020495951417,161.17155870445342,178.51201923076923,0.09960646766753468,1.920262847560345e-33,9.579802077674984
204.53767741935485,134.07948387096778,180.8807741935484,1.4952664063166923e-288,0.09968895091982023,9.579802077674984
195.0032326444091,396.68282988871226,180.81065182829892,0.09961329617368403,4.472442202946741e-158,9.579802077674984
127.11672746221993,347.37272016675354,181.35187597707142,0.09961321004556996,2.7274577014285276e-158,9.579802077674984
103.02840095465393,293.00167064439137,176.53579952267305,1.637054627459671e-244,0.09968039319416357,9.579802077674984
286.47351806383733,245.39372150122762,181.03454928095402,0.09961966610092512,1.2244418663788116e-288,9.579802077674984
180.2476073284113,165.35726004922066,188.36901832102814,0.09962632307932005,5e-324,9.579802077674984
147.21749768549134,330.7687475201693,176.96276947493718,2.207827147005741e-267,0.0996825273306405,9.579802077674984
211.05729445814129,329.52218887340547,175.0388573266159,1.264915747998719e-201,0.09966507592660784,9.579802077674984
148.095807282089,268.17975358587717,177.52317028319234,0.09961523064593786,3.935569339862121e-183,9.579802077674984
375.1470339580104,231.406580245174,165.82830773566297,0.09962263042264012,1e-323,9.579802077674984
201.36020341917333,197.2959316165332,177.8373728630167,1e-323,0.09970242367654826,9.579802077674984
167.48518127757532,195.7808843276424,175.32251103011703,2.7317367886262815e-211,0.0996672015265389,9.579802077674984
306.09451844262287,168.27868852459014,172.83222336065575,1.9551286323648584e-178,0.09965794524324599,9.579802077674984
168.6289912077742,383.15791300323923,180.7208468301712,0.09960950771431144,3.093595639702729e-87,9.579802077674984
253.33483817196839,372.30275038199755,179.1070287539936,2.604801056948091e-247,0.09967776722262069,9.579802077674984
125.65104373362965,367.8292324787682,173.901381061989,1.3912883917225732e-287,0.09968798476354902,9.579802077674984
154.0852564102564,334.1185897435897,184.34358974358972,0.09961109731334311,2.7869447629078433e-116,9.579802077674984
247.2041204437401,264.01172741679875,176.18700475435813,5.9262835889032716e-269,0.0996820038716401,9.579802077674984
366.5247101891397,256.54789505796214,177.4237339841367,0.09960984965194258,9.098005832784711e-94,9.579802077674984
305.8043677109536,226.05110907843587,176.51257717813857,1.2795204093088941e-74,0.09962726360782968,9.579802077674984
214.21147161066048,186.65469293163383,184.3870220162225,5e-324,0.09973127128365203,9.579802077674984
117.88066001534919,313.1406644008332,159.7270036180243,8.086108569914996e-219,0.09967392888857585,9.579802077674984
173.06788812179147,272.97415471764907,173.28562577447337,8.212180715267086e-112,0.09963883582271518,9.579802077674984
180.41669200364854,116.8579811492855,167.65852842809363,0.09961262735712087,2.9676932108546674e-146,9.579802077674984
232.20547865534488,416.1214377108294,164.58665813655927,5e-324,0.09977780099886996,9.579802077674984
119.63878295473387,210.85831537058533,171.8147073453822,0.09961903689022837,3.831105486099693e-276,9.579802077674984
227.1471986173124,138.20495463056318,170.10737433386146,5e-324,0.09976646800055224,9.579802077674984
154.88859230120818,368.60297836470914,171.55731947176173,1e-323,0.09971204367875018,9.579802077674984
175.3908945686901,236.89816293929715,169.275,0.09961980419928171,1.360507693275392e-292,9.579802077674984
149.87459871589084,238.53511235955054,171.77417736757624,2.3975133287663e-241,0.09966948575033903,9.579802077674984
261.89587676627286,215.70025480657864,174.7926801019226,1.1915874610003318e-112,0.09963760303287127,9.579802077674984
213.58894745511452,357.6236204908582,167.2455114478669,0.0996171941078886,3.086366886589827e-239,9.579802077674984
239.00987082622476,273.8875213258591,170.10662929563733,0.09961443405852904,8.81329012056314e-181,9.579802077674984
311.0813710596278,191.63463729586024,170.41672996581846,1.441676927839095e-162,0.09965332878218777,9.579802077674984
271.6911600446785,169.89364927397483,173.5285623105154,0.09962210928707085,1e-323,9.579802077674984
184.3452897625734,133.59637477661477,169.24317079397497,1e-323,0.0997054578914808,9.579802077674984
198.8211280214861,371.6572068039391,165.5872873769024,1.5652559504317691e-99,0.09963515266667135,9.579802077674984
296.8348400556328,371.16689847009735,172.14789058878068,3.13662003735004e-248,0.09967974538034016,9.579802077674984
253.67331427829026,189.29992204755095,168.8759906457061,1.0437845770047878e-26,0.09961274477206156,9.579802077674984
140.64129244249727,181.72946330777654,177.9775465498357,0.09961713054677095,6.397185290861103e-237,9.579802077674984
190.7760494194701,305.67869901756484,159.6265257517118,0.09962748791075833,5e-324,9.579802077674984
273.1999428897773,112.81444888635063,165.7251284980011,5e-324,0.09973366715175463,9.579802077674984
276.0253515125692,424.0841499786962,172.68832552194291,5.949391364837101e-297,0.09969009775381578,9.579802077674984
125.91985029649072,281.1370175950228,166.87688344512492,0.09961013371672699,1.8075319344592018e-85,9.579802077674984
327.91868564506365,349.67565112053296,158.45911568746212,5e-324,0.09977583586638207,9.579802077674984
327.13977863491533,343.2191011235954,167.076890826765,0.09962628846768708,5e-324,9.579802077674984
352.78003829583537,348.91614807722993,161.70759534067338,8.3487951235e-314,0.09969421552353458,9.579802077674984
372.0461485079806,295.59049271339353,164.9646773074254,0.09961018999855221,5.607708415892646e-103,9.579802077674984
181.0570555272542,257.73815588385133,168.0285277636271,2e-323,0.09969611710496466,9.579802077674984
162.25731928491234,160.84346662060625,164.21431038949822,0.09960843545794268,2.9007053887282916e-69,9.579802077674984
150.1759523575155,394.30332709912386,163.41406634511267,0.09961642335142397,5.668274362614625e-222,9.579802077674984
92.15212589729431,335.71617890668136,167.3263390392049,0.09962329819247655,1e-323,9.579802077674984
210.40002836074873,294.0005672149745,169.01148610323312,0.09961045976375692,4.571753640712345e-104,9.579802077674984
238.75209014903672,282.1608505997819,162.47491821155944,0.09961410053194904,8.623806726672424e-175,9.579802077674984
269.2592423966491,275.31205609178653,168.2230012748133,0.09961367798379102,1.932002923139064e-165,9.579802077674984
349.0301779490002,211.64180884241424,166.90781507980188,0.09962634189524106,5e-324,9.579802077674984
135.42009400705052,186.241088915002,166.54445750097926,5e-324,0.09974040004053644,9.579802077674984
298.60667067307685,390.0362079326923,165.58353365384616,0.09962121056856393,1e-323,9.579802077674984
330.6715675271231,371.8304900860456,162.3116722783389,0.09962347573530221,1e-323,9.579802077674984
251.64059919792405,339.6252653927813,162.568412361406,0.0996164217389575,2.344294855213605e-225,9.579802077674984
228.93812481066345,307.87367464404724,163.07611329900033,5e-324,0.09973291246440752,9.579802077674984
147.21921797004993,283.85149750415974,165.80615640598998,1.600972906902297e-227,0.09967584237606278,9.579802077674984
204.23650039588279,215.77030878859856,168.91916072842437,0.09962004249167868,2.4809449988786543e-298,9.579802077674984
138.01865205935377,152.06358341422828,167.49154070170573,0.0996142181636906,1.2246203856708596e-178,9.579802077674984
267.08865518225946,405.7540211287713,160.75240315979823,5e-324,0.09978836132409531,9.579802077674984
277.8423380349032,357.59323452067895,164.1026775041836,0.09962075944333876,3.681007883e-315,9.579802077674984
288.29802459181616,293.18433783511387,163.78149566619632,0.09961532416061991,1.3500376807378328e-200,9.579802077674984
120.25090909090908,177.7015151515151,166.65257575757573,0.0996151711092054,2.967303765936667e-196,9.579802077674984
242.40358924835024,121.89031063898277,168.15910188314822,2.728729889542831e-265,0.0996820758815981,9.579802077674984
277.77561923263715,335.3541363121257,164.33139064270682,0.09961575787742995,1.14416754303649e-245,9.579802077674984
263.5875706214689,350.54449152542367,170.0925141242938,5e-324,0.09972650662219298,9.579802077674984
292.7912933609005,349.35986675855736,162.86480588100162,5e-324,0.09972258988356796,9.579802077674984
140.8071986308696,312.751042892288,163.8940528398759,1.8771247243195956e-155,0.0996556093638461,9.579802077674984
260.15247776365953,295.11086404066083,165.0625794155019,2.90246491910075e-220,0.09967001487574007,9.579802077674984
279.60062111801244,284.54182194616976,155.2913043478261,3.979524884206283e-208,0.0996670004365811,9.579802077674984
245.18342470547063,231.68616586959058,159.08532602356237,0.09962022899756731,6.251141292371471e-300,9.579802077674984
325.0466153222538,224.07053100932308,158.0901905147953,3.7913642358936245e-110,0.0996385994836113,9.579802077674984
335.1895011169025,175.23036113179452,163.52689873417722,0.09961168559259781,1.5090489791875362e-127,9.579802077674984
173.02260091854,402.3773265651438,159.6663040850858,1e-323,0.09970622364539346,9.579802077674984
281.4268496198776,310.74847023919887,160.17411459299092,1.5642886146383274e-247,0.09969286128339024,9.579802077674984
139.5538684020246,286.43333333333334,148.16341287057122,0.0996105168205993,3.629973873105584e-110,9.579802077674984
164.75981710597094,255.6242603550296,163.30043033889186,0.0996206297014157,4.118822119599e-311,9.579802077674984
249.020397703977,396.8719762197622,159.7681426814268,0.09961002192983498,4.788248109467565e-99,9.579802077674984
261.79274525968674,376.4465787304205,157.66521022258863,5e-324,0.09972360890200163,9.579802077674984
340.34404494382017,306.9121348314606,157.13168539325844,5e-324,0.09973344404789473,9.579802077674984
190.3534158744196,167.55409389048566,148.99937357211292,5e-324,0.09973054967697928,9.579802077674984
166.68905829596412,321.3125560538116,160.80726457399103,0.09963003631794448,5e-324,9.579802077674984
264.09645232815967,258.15077605321505,168.6080931263858,0.09961311736328096,7.33632632377545e-155,9.579802077674984
165.22742110990202,207.55114254624593,154.12948857453753,0.09961965829387714,4.702081715757104e-290,9.579802077674984
177.5866584637019,287.86737563719464,154.27219194937598,0.09962564613077486,5e-324,9.579802077674984
183.34146341463412,214.01219512195118,169.8048780487805,5e-324,0.09972535292628366,9.579802077674984
198.35147140477508,395.8849250416436,151.3901998889506,7.243428631335642e-135,0.09964593106564743,9.579802077674984
258.4483870967742,344.0096774193548,168.82258064516128,5e-324,0.09974420509225869,9.579802077674984
231.01453355653632,341.0674935321869,159.0324912494293,5e-324,0.09971741373152294,9.579802077674984
329.04460855921656,295.33958231888766,153.15779364821728,1e-323,0.09970646646844437,9.579802077674984
230.7249670619236,191.94005270092225,158.90793807641634,0.09961877210795297,1.0640422091460774e-271,9.579802077674984
287.67887620525323,135.3967084118364,155.6717832206583,0.09962208978983197,1e-323,9.579802077674984
170.9147824434733,353.8384951548547,155.55348660459813,0.09961243783679985,3.335142475912793e-142,9.579802077674984
355.7217252396166,296.7092651757189,159.89329073482432,0.09961933984827824,7.950122273161873e-286,9.579802077674984
338.9342358957163,244.260331964121,155.48340179394754,0.09961025621944436,7.980292038802596e-102,9.579802077674984
218.4149188761377,403.41254451919264,160.78155916106056,7.0441721745087305e-90,0.09963289934067629,9.579802077674984
357.2109306683323,325.854965646471,145.7367270455965,0.09960603702005844,1.8276532298597728e-25,9.579802077674984
127.41476091476092,254.52910602910598,156.5790020790021,0.09962347104733768,1e-323,9.579802077674984
275.7367562703858,227.78039590597237,145.8150376785513,0.09961068021070582,1.3907595580556181e-108,9.579802077674984
290.7424049288294,213.94518801784574,156.0232632249841,9.225752399572504e-210,0.09966639459270751,9.579802077674984
151.59601801617362,178.7473129286519,153.35024055686355,1e-323,0.09970330583095648,9.579802077674984
87.20974397449123,302.36260902185126,147.7283597486636,1.0631661672028777e-126,0.09964320447045967,9.579802077674984
213.40578778135048,170.00827974276532,154.98979099678456,0.09961383043188843,6.711600230754341e-171,9.579802077674984
312.6716429107277,360.38567141785455,150.35326331582897,0.09960979147473857,7.473433944289815e-94,9.579802077674984
194.614768683274,268.1832740213523,155.78403024911032,0.0996116896148707,8.703496531003428e-127,9.579802077674984
287.7387127994193,257.809266876361,141.99837890152432,0.09961656411427787,1.4602124594122388e-224,9.579802077674984
202.19188289583172,139.29030183826313,150.02893562296694,0.09961557151289864,1.0917546803320083e-205,9.579802077674984
193.25529279279283,415.4587837837838,153.39256756756757,0.0996128657000279,8.075238262231119e-150,9.579802077674984
121.97854137447405,346.0359046283309,152.8028050490884,1.2440152173057467e-145,0.09964918820723857,9.579802077674984
238.15386875612145,295.6522037218414,150.9511263467189,0.09961552071613226,1.901198636473146e-206,9.579802077674984
205.97499137633667,278.20438082097274,151.30958951362538,6.107861903626915e-233,0.09967335981886476,9.579802077674984
253.33160098166599,159.71755449689618,143.85390500938357,0.09963386541063227,5e-324,9.579802077674984
174.02949122017108,379.8998199009456,150.7036244934714,0.09960965788221303,6.262476551589146e-90,9.579802077674984
309.90688793223165,279.9647965560339,152.1844882655187,0.09961280666532128,5.0779928678543055e-151,9.579802077674984
341.69120069014195,219.9180848560897,136.84852168457377,0.09960983442051606,1.0409594283734576e-90,9.579802077674984
290.8492361297239,186.93956043956047,148.31774323237738,5e-324,0.09978962341878524,9.579802077674984
114.77633240717351,357.77330133872186,142.84276332407174,1.5501572803416394e-279,0.09968549851989218,9.579802077674984
195.13330950679057,244.67441029306647,157.6554681915654,2.7014176222331895e-220,0.0996696843627975,9.579802077674984
218.53703703703704,240.462962962963,161.72222222222226,1.4617997314589483e-227,0.0996714588083784,9.579802077674984
196.3688964591721,203.6402911117993,149.91416331165482,0.09961312580764291,1.398599999979383e-157,9.579802077674984
301.9558909121144,147.8609378897481,146.70329259166877,1.1482547557041408e-131,0.09964452279405385,9.579802077674984
229.62883989880737,330.6662450307192,140.12287676183593,0.09962561665187811,5e-324,9.579802077674984
351.05523206028437,264.54084603528,149.39184791916426,5e-324,0.09974201232645813,9.579802077674984
256.28606820169045,243.8899737685806,153.30238997376858,0.0996181816003065,1.373377614860182e-258,9.579802077674984
280.176433915212,189.83728179551116,156.47568578553614,0.09962173813583994,1e-323,9.579802077674984
227.51628664495118,358.8512904034077,146.07078426459537,0.09962607870849936,5e-324,9.579802077674984
108.44909862142099,323.33502499621267,149.46621723981215,1.1677040693472114e-274,0.09968459890636279,9.579802077674984
308.16962822392816,319.07827999654967,147.29306478047096,0.09962464489815691,5e-324,9.579802077674984
317.5831132731064,207.5831132731064,150.69944405837387,0.09961459794279037,7.076542379911167e-186,9.579802077674984
282.85380116959067,420.1198830409357,154.33771929824562,4.015756169994558e-124,0.09964234028424454,9.579802077674984
271.9866638441998,342.6708298052498,148.5977984758679,0.09960593845294309,1.8829066030299338e-14,9.579802077674984
161.7893848948871,343.6034259018946,138.7135997923696,5e-324,0.09973532726525132,9.579802077674984
104.94758287839228,292.40458105862814,144.7251760424084,0.09962523081632767,5e-324,9.579802077674984
186.98353480616925,231.72175906627763,152.97269695706544,2.5782466989661036e-160,0.09965252887942286,9.579802077674984
290.12837617962896,236.72844126260983,148.10836316303286,5e-324,0.09972761254429387,9.579802077674984
114.52345415778251,226.94571783937454,148.83439943141437,0.09962106137784534,4.2466116244e-314,9.579802077674984
253.2543885100827,119.9580008704483,146.87139126650226,0.09961266041775449,3.488161157933188e-147,9.579802077674984
367.8424657534247,354.1575342465753,156.28082191780825,0.09961799192129006,6.758379018475328e-254,9.579802077674984
165.49519963672927,229.1277448023093,128.1977392883786,2.1816529410651483e-36,0.09961594507171626,9.579802077674984
342.982956664429,189.92880584769145,142.38409040053702,3.678080885262111e-223,0.09967078497502006,9.579802077674984
200.49706601466994,344.45061124694377,151.340097799511,1.6381673960049716e-216,0.09966869184346372,9.579802077674984
198.72800125707099,325.26995600251416,148.71700188560655,0.09961264434879545,3.0539640294400904e-145,9.579802077674984
221.38929961089488,256.00175097276264,143.47996108949414,0.09961692616255136,1.464074077641391e-231,9.579802077674984
282.0065821550463,168.69600195026814,144.30399804973186,4.671060676457714e-122,0.09964179424772522,9.579802077674984
306.86628982528265,383.46885919835563,142.3932168550874,3.490288187617758e-157,0.09965314030668806,9.579802077674984
234.32758171636934,393.54779268133865,142.268589660112,0.09961597810751757,5.0656233564801915e-216,9.579802077674984
206.41904409040387,349.4442386068914,139.93256761763615,1e-323,0.09971260636570958,9.579802077674984
142.93436241610738,381.7606711409396,142.90953020134228,0.09960953834679755,1.2859056283926672e-86,9.579802077674984
217.4633709981168,144.38625235404896,129.64623352165725,4.8541996023060015e-175,0.09965801354473741,9.579802077674984
139.7540192926045,335.291768488746,142.51363344051447,0.09962377525230706,1e-323,9.579802077674984
165.63623314013324,308.4094848599751,130.00939819078056,1e-323,0.09970122481852418,9.579802077674984
272.0132303320902,293.7697567039602,135.85926123246315,0.09961407710904378,2.2443436998669824e-177,9.579802077674984
300.63574879227053,241.4314009661836,147.9400966183575,0.09961779605743773,1.1900677163827407e-249,9.579802077674984
144.38712915458402,201.30927950033455,144.68402855230872,0.09962329463101412,1e-323,9.579802077674984
236.79271227225848,138.03712616019249,142.8325885183912,5.224173597810629e-288,0.09968817768861184,9.579802077674984
293.54780876494016,363.74701195219114,140.34278271529269,1.9443906862004055e-166,0.09965720756426175,9.579802077674984
141.46682537244664,360.1002150207341,143.60781753954845,0.09961904543966937,2.103415483967436e-277,9.579802077674984
249.21301684532924,348.2465543644716,141.9098009188361,0.09960520550450153,2.2647979963354006e-52,9.579802077674984
155.019906323185,229.87236533957844,149.6545667447307,1e-323,0.0997099555490505,9.579802077674984
328.6708483842624,155.80469588987603,138.9813043053793,0.09961591864315018,2.6298598984179298e-211,9.579802077674984
240.78978840846366,413.89724011039567,139.20321987120516,0.09961698501749501,1.4954166384188335e-233,9.579802077674984
194.04146653858467,308.65097662503996,134.78834454050593,5e-324,0.09974631452742574,9.579802077674984
259.9841258642585,295.34859602088335,136.47714124453225,0.09962330387011799,1e-323,9.579802077674984
255.0731800118373,259.6860996026042,140.43058256531666,5e-324,0.09974645197093203,9.579802077674984
231.62185820766163,214.96715201941413,142.16423990292944,0.09961862034093966,3.0915684096895066e-268,9.579802077674984
324.39179104477614,253.7992537313433,140.1524875621891,0.09962133431102367,1e-323,9.579802077674984
274.06347628514624,143.84095427435386,139.41877307583073,1.705e-321,0.09969640828960294,9.579802077674984
289.73107452594445,330.07430545347637,130.76679406144348,0.09961965725553763,8.4e-323,9.579802077674984
213.9131205673759,285.77396476778773,132.36055822466258,0.09962691714455442,5e-324,9.579802077674984
152.14812353001332,254.59796502709892,141.40510277124451,0.0996185734806342,1.2265437601342692e-259,9.579802077674984
199.72912226312732,237.05144351869788,135.79974811083125,0.09961241979338131,9.272438372660186e-144,9.579802077674984
171.86256089074462,184.169450243563,135.19659011830203,0.0996186606760878,1.4824281159354259e-270,9.579802077674984
205.62734864300626,291.7087682672234,142.2713987473904,1e-323,0.09970847454937438,9.579802077674984
226.16871731774842,185.56459550907414,139.7157797600738,3.156381982633338e-241,0.09968049284663758,9.579802077674984
120.53289778519137,268.2511815401724,136.48433880085256,2.0441295221460473e-138,0.09965186858669894,9.579802077674984
229.65804506505867,280.97191367819744,134.92462710250715,1.6780769542742736e-08,0.09960670348528786,9.579802077674984
134.8246289686267,230.84397895923354,138.66231448431336,5e-324,0.09972842504825259,9.579802077674984
277.36597222222224,163.11805555555554,142.32916666666668,6.419628606951025e-189,0.0996612231361399,9.579802077674984
272.7397546897547,390.3623376623377,132.97395382395382,2.8415538025497123e-147,0.09964949477523649,9.579802077674984
270.1639460610362,273.5188076650106,135.28282469836765,0.09962085510347943,5.0307186e-316,9.579802077674984
368.49608243910745,209.2450178845171,131.53142565150742,8.350478274455331e-79,0.0996288530122165,9.579802077674984
248.13264551894054,370.65509701262704,120.72587003387741,0.09962801544045372,5e-324,9.579802077674984
102.53151483050848,341.0583951271186,133.8990995762712,0.09961241193899922,4.538285391545585e-142,9.579802077674984
255.95280735721198,312.91844143272016,137.25145208131656,0.09961411945413969,1.7560358152260498e-211,9.579802077674984
392.75950996281824,235.37615597292404,135.39074268281055,5.3121390309101744e-191,0.09966141095202069,9.579802077674984
312.94597863334013,232.4226970368877,132.91493650473694,1.4985412007984592e-288,0.09968796946751295,9.579802077674984
262.495385629532,193.09657218193803,129.5241705119754,0.09962912324755767,5e-324,9.579802077674984
295.9765093054925,295.4181797548797,132.29176123468,1.607473491547652e-262,0.0996832881451822,9.579802077674984
367.32947642464563,235.51171536013885,132.6319062771189,3.5261926295507e-190,0.09966207991774242,9.579802077674984
166.23258015652613,259.0174198434739,114.6911133552133,0.09961476267143703,1.5024013170894417e-184,9.579802077674984
147.78805141688576,189.70157756354075,133.0594507741747,1.5760100380027701e-240,0.09967575498563495,9.579802077674984
172.76577195392582,410.99688259537146,137.67753355172778,1.3321740020781864e-224,0.09967191587367671,9.579802077674984
217.41022846532653,380.9670218777751,129.9034875272463,2.250394445493782e-203,0.09966511063917101,9.579802077674984
331.3963568594445,321.94703619093417,130.21383912468434,0.09960798260070411,1.2184799618023892e-59,9.579802077674984
94.01039230969084,318.7123928293063,129.16302935827488,1.3874834660962941e-151,0.09965075437502982,9.579802077674984
139.29012172939696,306.3343360850706,130.40247656359313,0.0996111661844544,6.55300936855122e-119,9.579802077674984
369.256135770235,254.09686684073108,136.1365535248042,5e-324,0.09977858850522134,9.579802077674984
181.95264873675632,263.27718011409945,132.12966585167075,0.09962632878047135,5e-324,9.579802077674984
171.05674760022586,207.18966685488425,127.15251270468659,0.09961001789226213,2.1333805290564162e-94,9.579802077674984
212.91693218024582,200.3794947655894,128.96859353664087,0.09962050315692166,3.02519286719731e-309,9.579802077674984
311.7963772073548,191.29883488075728,133.97751683961405,0.09962341333378545,1e-323,9.579802077674984
315.2379172894868,339.6330343796712,127.05929247633284,0.09962425417365585,5e-324,9.579802077674984
162.32041884816758,280.895462478185,129.57539267015707,5e-324,0.09978292484114147,9.579802077674984
284.8208379272326,278.1306504961412,135.9917309812569,5e-324,0.09971421508211864,9.579802077674984
234.84693058713387,248.87769158753508,121.60204627524408,2.512679324723247e-232,0.09967312573694971,9.579802077674984
295.10431345592025,179.72512459185432,124.29102938649253,0.09961154124869222,2.0453364895340876e-125,9.579802077674984
149.5478050094263,325.86089415566926,127.10894155669271,7.552918109806378e-135,0.09964601731831416,9.579802077674984
319.7707949379531,293.5658557562354,127.80654871605849,0.09960786005938084,4.069453694881903e-55,9.579802077674984
367.64126649076513,257.3878100263852,119.77957783641163,0.09962808210118658,5e-324,9.579802077674984
184.7295529518826,332.51353657149355,127.59350472073713,0.0996231854110833,1e-323,9.579802077674984
147.1494455316373,281.9159817351598,114.57168949771686,0.09961775816814211,2.1885675004145206e-245,9.579802077674984
393.4460484462931,227.21225838023003,111.68522143381456,1.6294292360621412e-237,0.09967407699464588,9.579802077674984
120.55006142506143,205.8299549549549,124.63871826371826,1.2291511613656398e-261,0.09968029273452153,9.579802077674984
307.27128420249784,222.22075507674708,111.36357136047285,9.176603048089441e-264,0.09968080075012016,9.579802077674984
204.0988209742476,169.68057710207881,124.95795842382871,7.1848163211492274e-217,0.09967432846550163,9.579802077674984
219.85656302649718,154.93850513095418,117.9196661050697,0.09961608491286295,2.8907707235479263e-225,9.579802077674984
268.47866053841096,140.23095863427451,122.06959947472096,0.09962401442006295,1e-323,9.579802077674984
173.6162217369867,386.7663238712404,123.75160245122207,0.09961159069059405,1.108337792789827e-126,9.579802077674984
358.04320878342486,322.48211439702493,118.73720559589162,8.808290643396498e-263,0.09968150730221637,9.579802077674984
82.74260968779174,266.62031946893484,118.524997406908,0.0996180810701094,1.2512676074321572e-248,9.579802077674984
174.5459843525467,172.89262334344562,127.04319016445793,5e-324,0.09971952512458565,9.579802077674984
125.5433368310598,372.04050367261283,126.97880377754457,1.408034870635397e-220,0.0996705598760214,9.579802077674984
286.39965749759176,367.3963395055122,108.48153697955686,1.3267422415542092e-77,0.09962998604752304,9.579802077674984
280.990402075227,340.4153047989624,122.07626459143971,5e-324,0.09972662755660436,9.579802077674984
299.53757225433526,218.03872832369944,124.82832369942196,0.09961923368143923,1.7631790372821092e-281,9.579802077674984
195.19952606635067,364.35118483412316,132.34928909952606,0.09961586848388024,4.081158446477075e-211,9.579802077674984
239.69942315615987,307.70828182941904,122.04346930366708,5e-324,0.09972272411531309,9.579802077674984
228.4337268128162,406.94097807757174,119.64654300168637,0.09961812918755628,2.035708463081482e-256,9.579802077674984
182.88059270265808,356.28545484563307,114.09736668317652,0.09961104180894768,2.3580712972356506e-116,9.579802077674984
241.39752524534202,292.2998862181766,104.79014364955195,4.7892018654756716e-61,0.09962307709702868,9.579802077674984
330.2535134347921,265.8107114250346,117.86685356440692,0.09962428618984011,5e-324,9.579802077674984
252.04059458738837,266.91981069190774,120.66317824290094,0.09962066237143409,2.4020203872695e-310,9.579802077674984
145.32445561139028,226.1676716917923,115.70089335566723,3.062298300014897e-71,0.09962571082247974,9.579802077674984
225.48842726536282,352.25037611387575,119.51261428075456,0.0996118016666054,2.472105963200438e-127,9.579802077674984
359.2228469205214,300.6840020444672,116.72553028366985,0.09961643742289598,2.438294305538182e-225,9.579802077674984
250.13989408649604,402.07954545454544,120.82590467784644,3.274153547641017e-162,0.09965383911282451,9.579802077674984
147.60373956938292,384.61177500772635,116.31889358195116,5e-324,0.09977031350686094,9.579802077674984
151.39549931287218,354.11933119560234,111.67183921209345,0.09962270238194579,1e-323,9.579802077674984
214.7861099275671,320.07690668939074,119.02151682999573,0.0996219158447296,1e-323,9.579802077674984
110.31302950628105,286.9925503943909,114.35334501898922,0.09961398314823632,3.035629336696744e-172,9.579802077674984
357.21930533117927,275.2237479806139,116.99959612277868,0.09960565928804987,2.1043516136580942e-17,9.579802077674984
109.38645402158916,262.360644428212,112.21325379433488,4.641809655551532e-37,0.09961341047798418,9.579802077674984
372.93314582431844,162.65285590653394,120.45597144093466,0.09962117109768873,6e-323,9.579802077674984
219.3780522031996,165.85110861633459,111.30101038450745,0.09960557463446534,7.805296926517392e-14,9.579802077674984
353.52395881459967,175.84010956372518,116.46218071414428,1.2298928607340882e-107,0.09963681526957034,9.579802077674984
323.2382109661465,185.5057985844632,115.42001364372815,3.1317986e-317,0.09969448156222238,9.579802077674984
118.60668103448276,348.84746168582376,114.5088601532567,1.8404081866438803e-143,0.0996488108705528,9.579802077674984
268.5571678417227,314.3748975241843,111.42578018254358,5e-324,0.09972211654568497,9.579802077674984
117.2891935248651,313.2757765786787,115.21693160274174,0.09962393554529071,1e-323,9.579802077674984
301.26742028985507,274.20121739130434,116.2713623188406,1.4631911818239463e-174,0.09965863415786683,9.579802077674984
123.66757788770286,237.42545344094412,113.30899071422373,1.2763450060490534e-202,0.09966183148538155,9.579802077674984
268.27240566037733,169.27255306603774,111.43543632075472,5.970106078660454e-111,0.0996381095663311,9.579802077674984
157.87636420330526,163.55747843259536,115.57151023802099,0.09960696785999443,3.7604429357114e-56,9.579802077674984
256.1327951414605,352.3077321878241,115.75388831284256,0.09962030662063673,1e-323,9.579802077674984
338.31305483028723,278.8409921671019,119.86588337684944,5e-324,0.09973051704080596,9.579802077674984
265.20177845279505,259.3415560237127,86.82472686296602,0.0996131583422474,1.7360801914264235e-155,9.579802077674984
196.6551845519461,257.0143316906366,116.033038318415,0.0996147804650607,3.5663064906592493e-186,9.579802077674984
331.83676559660813,212.09309509388248,112.07238037552996,0.09961618738659672,3.0091072957808685e-216,9.579802077674984
267.4192095023551,241.19619086627074,115.25906205201721,0.09961145993768213,1.3982813163443887e-123,9.579802077674984
221.40900195694718,231.7074363992172,121.10469667318985,5e-324,0.09975833494551371,9.579802077674984
145.22108989487234,199.43799613816776,111.01480369019528,4.1045682682233624e-246,0.09967740202118412,9.579802077674984
195.4279694029322,196.56523124867198,112.53045541468941,5e-324,0.09971600991065377,9.579802077674984
248.94261818181815,149.34785454545454,121.5458181818182,5e-324,0.09973456609375932,9.579802077674984
220.0132803632236,224.62849035187287,107.50862656072643,5e-324,0.09974607076151236,9.579802077674984
280.44575569358176,224.01221532091094,112.04616977225677,5e-324,0.09971762655629027,9.579802077674984
276.99594523433393,218.4332280147446,106.083570300158,0.09962789794888675,5e-324,9.579802077674984
231.24191374663076,295.4685534591195,121.26010781671158,9.564015216791076e-271,0.09968258550345958,9.579802077674984
277.5874737578726,179.1173897830651,99.26212969442504,1.74642251905467e-79,0.09962973122712782,9.579802077674984
190.70148809523806,287.84970238095235,116.41160714285714,4.32319720920885e-132,0.09964509409638421,9.579802077674984
215.2868679775281,240.77984550561797,114.70962078651684,0.09961078536369337,9.168457317938102e-110,9.579802077674984
195.811550313463,236.2668685580704,99.22957177770695,0.09961637397251065,4.767364856077676e-220,9.579802077674984
253.35631494804161,416.65677458033576,106.20053956834532,0.09961967119179464,3.978386807885769e-289,9.579802077674984
166.32857142857142,311.7,121.81428571428572,0.09960948836360858,4.5855082560053136e-83,9.579802077674984
280.46241738991955,288.35564137272075,105.99629747591369,0.0996176555874499,7.539038354825628e-248,9.579802077674984
378.49173142060164,292.80763100219167,104.93933054393308,5e-324,0.09971613209784876,9.579802077674984
202.75420741915588,276.94506123887567,96.88822803771255,0.09962118197926231,6e-323,9.579802077674984
261.1941489361702,328.92819148936167,115.2074468085106,2.5437392785576085e-158,0.09966990763855024,9.579802077674984
233.76879699248119,265.02673350041766,102.25208855472016,5.922317834264805e-180,0.09965807399994075,9.579802077674984
316.94968454258674,253.19337539432175,118.18564668769716,5.346601345061544e-165,0.09965487346468248,9.579802077674984
241.29337539432174,214.52786540483703,110.26235541535227,0.09961939224336744,5.201123942892422e-284,9.579802077674984
245.14374348773327,225.71066590887563,93.7009567111869,0.0996201673664716,1.5231131821316113e-301,9.579802077674984
234.5666899441341,174.81337290502796,111.00034916201116,1.1544100845484396e-161,0.09965895886241548,9.579802077674984
185.876448693004,402.3626173758565,106.26888588105913,0.09961455369830569,1.3740860678733338e-185,9.579802077674984
87.62536255236868,285.5753034697605,103.8378450961435,1e-323,0.09970677519374,9.579802077674984
198.5123456790124,302.10720007539345,99.80553199509943,5e-324,0.09972748428247245,9.579802077674984
223.3838540055676,387.26028456541917,103.35694401484687,6.516697797806454e-129,0.09964398209683793,9.579802077674984
204.49216767788195,363.40965250965246,105.58924434638719,0.09961405489057482,2.2243010167435003e-175,9.579802077674984
366.32316791118745,224.0369060992533,98.07278794687107,0.09961951549809442,1.4094310454246691e-288,9.579802077674984
108.66245165129428,208.5345879202618,95.5325052067837,0.09961306138551017,2.7646290668947096e-155,9.579802077674984
395.0873661993065,203.2399366802352,106.93313734358507,1e-323,0.09971154165546506,9.579802077674984
208.79993418887798,390.9568937150378,100.97894044093454,3.3570301857767443e-168,0.09965530448119758,9.579802077674984
132.4564817652467,334.3513637756665,105.95540913269994,5e-324,0.09975375858661467,9.579802077674984
101.83198327671806,326.671544290567,103.18500130650642,4.4653728115577385e-242,0.09967557058759088,9.579802077674984
292.3662655279503,242.45147515527955,107.73214285714285,0.09961944465183081,1.468962346377044e-284,9.579802077674984
255.45434821912852,193.4698969444947,101.58452359428672,7.717417115810622e-254,0.09967851174775957,9.579802077674984
354.26621966447686,258.6672186329334,88.18863673380747,1.0092483324196684e-178,0.09965969220488369,9.579802077674984
189.42276422764232,228.12601626016257,113.58943089430893,1.96683e-319,0.09969556583526108,9.579802077674984
310.1219093406593,215.045157967033,93.51820054945057,0.09962908370067326,5e-324,9.579802077674984
364.4898405197874,189.76721795629058,99.77489663319551,5e-324,0.09971652785314845,9.579802077674984
131.3822907658307,357.38296339002585,95.40717786105508,2.42847605326152e-86,0.09963235280390006,9.579802077674984
334.9823282398227,322.71754345036743,105.3866207861892,8.968314373227573e-299,0.09969208111500033,9.579802077674984
129.75060375255433,294.03687534831874,100.42271967304475,4.19186337908128e-308,0.09969240773573843,9.579802077674984
382.427924183224,256.46242414165766,98.26706293124948,1e-323,0.09969818126489788,9.579802077674984
310.87659762009696,338.89951520493616,100.47972675187306,6.954543948087994e-119,0.09964261984685145,9.579802077674984
138.0738494126709,254.66387444637013,104.45185827074907,0.09961880114457988,2.5297909161602114e-263,9.579802077674984
306.69162460272946,302.92811740512246,101.73499719573758,0.09962057705246984,2.7758602e-316,9.579802077674984
303.87436955524987,176.33184319119667,97.27074736359471,0.0996200655643863,4.24492929259329e-301,9.579802077674984
272.06709956709955,341.0231075231075,98.7715572715573,0.09961339528905104,7.333104836937058e-158,9.579802077674984
241.9182058047493,319.81706244503084,94.50439753737908,0.0996169743060612,1.140200283480782e-231,9.579802077674984
207.39807219031997,331.9083264971288,98.9199138638228,0.09961182338312662,1.3833151338617135e-129,9.579802077674984
220.1176224010731,187.67723004694835,94.36737089201876,0.09962039538127278,2.280206e-317,9.579802077674984
173.7523952385561,187.10960030968744,99.45770831317141,0.09961892131966175,1.1226762258180244e-285,9.579802077674984
339.28710900473936,232.26473933649288,100.441990521327,5.176735607097718e-69,0.0996235943211104,9.579802077674984
304.8850174216028,206.12195121951217,108.1829268292683,1e-323,0.09970777857252293,9.579802077674984
275.7565932361154,375.9689730065157,95.33369531492399,0.09962064032732068,7.12893195e-315,9.579802077674984
190.2753682487725,340.4191898527005,93.75838788870705,5e-324,0.09976129482514975,9.579802077674984
225.84051497635312,295.577246452969,96.85785601681556,7.169881545718851e-23,0.09961139963370526,9.579802077674984
307.0078259508531,282.3264204100798,89.04773830020348,0.09962080056527524,3.536804474e-315,9.579802077674984
128.5912223431266,271.0175915850562,97.4918389553863,1.6281644458406384e-269,0.09967949887141742,9.579802077674984
231.94486418420576,357.1706242129879,97.2517539125742,1.6887204716220107e-290,0.09969005828168098,9.579802077674984
248.15753103771374,338.3373155305692,93.42398688217385,6.610040216243686e-152,0.09965113054897062,9.579802077674984
174.75163704396633,319.43327096975366,95.11708762082941,1e-323,0.09970203365221103,9.579802077674984
260.9212962962963,300.8611111111111,102.98611111111107,1e-323,0.09969749232810496,9.579802077674984
332.0618349904064,294.84257805686383,96.69693005407294,0.09961061977292048,7.935858534190041e-112,9.579802077674984
175.31881654739047,218.74620352592075,93.20666783033687,0.09962991056852998,5e-324,9.579802077674984
145.2372788163551,307.66365090472857,88.97135859242229,0.09961800065339503,4.475173958345491e-254,9.579802077674984
129.44247553557258,217.76421581592166,89.98042845807987,1.473202446899292e-64,0.09962460080025551,9.579802077674984
222.55673405466968,396.4154328018223,77.34624145785875,0.09961861407443809,3.857135208174672e-269,9.579802077674984
187.3886756238004,303.2140115163148,94.92610364683304,0.09961248714196974,1.5683042670268078e-129,9.579802077674984
174.32500964878426,280.8331532226939,93.13836356619066,0.09961377436723078,2.5502228151788556e-156,9.579802077674984
154.16666666666666,271.7961432506887,95.88154269972448,1e-323,0.09969962753474798,9.579802077674984
322.780328896941,175.3383387917218,83.99933802522473,0.09961074593550051,4.355242498716931e-108,9.579802077674984
283.8801512579102,322.0967741935484,84.3324587127643,0.09963096225963707,5e-324,9.579802077674984
105.3587649576382,272.4164992575771,86.80247183160101,0.099617231569195,8.779568561194245e-238,9.579802077674984
262.8678756476684,269.4671848013817,96.51381692573405,1.3784603384563002e-266,0.09968170740260995,9.579802077674984
96.3221350613915,237.44918144611188,93.3342428376535,7.277842068589216e-122,0.09964151350750043,9.579802077674984
217.69902634593362,409.08676975945014,93.65148911798393,8.89695239437777e-205,0.09966588805534811,9.579802077674984
164.63015912481353,334.07185479860766,88.42006464445551,1.2764579274163076e-60,0.09962293079871257,9.579802077674984
287.7574452816649,259.60423394330826,93.12594187298168,6.937165564918886e-176,0.09965720443426486,9.579802077674984
381.54421052631585,201.17248120300755,91.14646616541351,0.09961480292117943,2.3200102778868212e-188,9.579802077674984
298.11976163014225,198.301999231065,84.39311803152634,1e-323,0.09969902945170538,9.579802077674984
346.4795737122558,199.19005328596802,87.42495559502663,0.09962565916534834,5e-324,9.579802077674984
347.30146491904395,173.52698535080958,91.66846569005396,1.5942624560959279e-65,0.09962516845111176,9.579802077674984
190.40157694399133,380.71615008156607,89.28285299981873,5e-324,0.09971552842163456,9.579802077674984
156.80938175529616,372.09731949848685,87.4101599654129,0.09961226203470705,1.0704123591690747e-141,9.579802077674984
268.30023273855704,236.5837858805276,88.09813809154383,0.09961312088876544,8.812338481914691e-156,9.579802077674984
128.80237940931394,379.298352004444,84.61850754559765,0.09960764703996955,1.723564780104152e-52,9.579802077674984
119.28824235152969,307.7430713857228,84.68824235152971,0.09960973018474878,6.284330001421235e-92,9.579802077674984
208.59870880054368,209.52183146449204,85.80606523955144,5.273919255404581e-48,0.09961956990314068,9.579802077674984
245.47401101011397,261.64018691588785,77.41857636666242,0.09961938011134704,5.550734110464059e-283,9.579802077674984
367.16123778501634,186.58631921824104,89.81107491856676,5e-324,0.09972522833240627,9.579802077674984
339.0125904629721,211.91181719044312,83.72652919599483,5e-324,0.09974986572022457,9.579802077674984
264.11765650080264,197.738202247191,85.08972712680577,0.09961833501679195,4.1183274445994725e-261,9.579802077674984
204.400558322016,349.49690659423567,73.5695639052362,0.09961215181335602,6.597019874403081e-138,9.579802077674984
108.13020590701576,341.47708003354137,80.58990962452249,0.0996153972824632,4.676967356221274e-201,9.579802077674984
125.70887347087822,249.74265108636115,81.20476538250871,1.0134838988267429e-291,0.09968828712411205,9.579802077674984
154.25743453173547,217.7425654682646,74.96930019233616,1.5056656579691066e-268,0.0996832924875593,9.579802077674984
308.3122738238842,252.52608564535583,90.12876960193006,1e-323,0.09971127472170078,9.579802077674984
319.2375266020336,253.26471979191297,84.108890990778,0.09961375961762176,3.0830387410588712e-161,9.579802077674984
363.0,251.203125,93.71875,5e-324,0.09979066773656226,9.579802077674984
150.24910394265234,230.81989247311827,87.84498207885305,0.09962409948103837,1e-323,9.579802077674984
284.32857622565484,154.8292478173271,84.88767629281399,0.099626487557489,5e-324,9.579802077674984
248.31121627064041,400.7688280306081,80.65153040676603,1e-323,0.09970216490594051,9.579802077674984
236.44103438476841,378.2770673486786,82.29312304631998,1.2970837807382052e-191,0.09966188668845681,9.579802077674984
147.02772933379842,266.60350540634806,77.8871642832229,0.0996196461510763,1.0919380574080033e-278,9.579802077674984
110.25132110662108,241.3700652782095,79.97233447311156,0.09961619379315118,2.0973262277237458e-216,9.579802077674984
292.45756630265214,350.85179407176287,84.22059282371293,0.0996201151694281,1.029987025078716e-301,9.579802077674984
296.3836451003947,236.27870259138496,77.93521537669471,0.09961677472232845,4.102973492816845e-223,9.579802077674984
123.93051184363094,330.1910717243664,83.13408977969192,0.09961179498405456,5.053990631702319e-131,9.579802077674984
218.9936725041544,244.18912182027358,79.52901700115045,0.09962315609711148,1e-323,9.579802077674984
366.22634345794387,216.02716121495322,79.58089953271029,0.09961734566436548,3.3803055740270145e-235,9.579802077674984
232.0269515669516,324.731452991453,80.04962962962964,0.09961488484538032,2.9249824074335367e-190,9.579802077674984
179.76641000962462,253.9363811357074,84.9123195380173,2.622002980311304e-254,0.09967843368763843,9.579802077674984
104.9941060903733,214.70333988212172,79.7809430255403,5e-324,0.09978220185722812,9.579802077674984
354.2456848379486,166.73717869117095,79.28256550353905,2.252308675018648e-221,0.09966951930824679,9.579802077674984
326.748591677267,313.2539523896057,79.59540250772307,3.329921749207874e-138,0.09964695864051207,9.579802077674984
289.59591668950395,203.19690326116745,75.38914771170181,6.944970945210025e-99,0.09963475431293296,9.579802077674984
258.1991878384007,298.4538733860891,74.93960849645981,0.09962677745937193,5e-324,9.579802077674984
320.5381944444445,146.1235632183908,76.6441570881226,5e-324,0.09973294543265847,9.579802077674984
261.3031032637774,345.2704654895667,74.8302300695559,0.0996149244595213,2.1025816037477945e-192,9.579802077674984
200.4494960100798,305.42986140277196,77.7693196136077,0.0996186328170532,1.5745002043848557e-267,9.579802077674984
283.13113722198915,278.8285774234158,78.096516995384,5e-324,0.09972158745013021,9.579802077674984
99.48458149779735,274.5220264317181,82.51101321585901,1.0398530352751543e-196,0.09966299810574265,9.579802077674984
245.81098355120355,215.4461193381892,49.67481067001109,3.733666491201415e-84,0.09963056536770887,9.579802077674984
222.61906052393857,354.41436314363153,76.23514001806683,0.09961284327449299,8.079458923619101e-151,9.579802077674984
173.78819243668323,352.5810685786978,74.45721059326935,0.09961767517901046,8.031434430896154e-249,9.579802077674984
297.9915840292276,304.2840553235908,70.8220250521921,2.2912303043513874e-87,0.09963183065956968,9.579802077674984
244.42235585426246,202.4819596745667,75.42094092677752,5e-324,0.09976916606311308,9.579802077674984
268.8783316026307,370.147109726549,76.23935617860849,5e-324,0.09973419745089447,9.579802077674984
333.0826948233975,266.544103905812,76.56802466828628,9.046462692840284e-261,0.09968119915611155,9.579802077674984
140.02941176470586,341.79411764705884,84.67647058823529,2.1467735922775545e-221,0.09967024273268124,9.579802077674984
141.52920921396344,329.6640940394205,75.53348373308,5e-324,0.09974364106369928,9.579802077674984
182.33686356006714,196.92634481656142,72.51142994165133,1.5477335778703236e-259,0.09968604547709858,9.579802077674984
105.07307249712315,303.5677662702979,73.81683927886462,5e-324,0.09972530925542857,9.579802077674984
250.66355220298303,246.7629864563689,72.82127550145725,0.09961987730886483,5.737841228230966e-294,9.579802077674984
196.6544062733383,261.43073188946966,75.08121732636295,2.8968024696091425e-230,0.09966711038661114,9.579802077674984
354.475,249.225,81.82499999999997,0.09961817544872728,3.1838577904241292e-255,9.579802077674984
167.69458081570997,240.4994335347432,71.22469788519635,3.403812381332152e-263,0.09968099020949893,9.579802077674984
353.3615557670676,279.3208012459981,69.34753828848318,0.09960683638037121,8.93789878916805e-37,9.579802077674984
128.71731634900868,320.7876161287233,55.73656737860358,0.09962221190686973,1e-323,9.579802077674984
160.32178577923258,304.1093835242772,73.88952536824877,0.09962211537908716,1e-323,9.579802077674984
212.94754744002861,283.42660221983533,72.23397780164697,1e-323,0.09970093208340498,9.579802077674984
270.78771155261217,216.6958139154607,67.80439048319839,1e-323,0.09969782327213059,9.579802077674984
301.75070329306635,161.14984279331458,68.85297037895083,5e-324,0.09978078410755481,9.579802077674984
205.83716985703904,278.19154349406347,59.157257087472715,0.09962458118040646,5e-324,9.579802077674984
238.17222979109903,286.38987284287015,66.84094005449589,0.09962571051018723,5e-324,9.579802077674984
293.9129165882132,176.14375823762006,68.3958764827716,0.09961674613504343,1.2664705460276744e-227,9.579802077674984
231.15607171964143,312.2598478674273,60.65167979715659,0.09961702302907109,2.6825810652548915e-233,9.579802077674984
131.03744417725866,287.89041566472,67.57042253521126,0.0996240411717978,1e-323,9.579802077674984
113.13263092655716,286.18097303997524,63.73985125503566,5e-324,0.09971484734837281,9.579802077674984
135.7729920466002,234.67945558418282,63.47154699227065,0.09960855752342265,1.4415198867389522e-67,9.579802077674984
262.65430849432687,345.6218031278749,54.114044771542474,0.09960818283904006,4.1723880395015905e-63,9.579802077674984
206.50777777777782,328.91666666666663,71.67777777777779,2.800335223413923e-165,0.09965419235162119,9.579802077674984
137.9020439448135,355.8460398569239,62.13771078180889,0.09960537786333795,6.3651400248186525e-12,9.579802077674984
200.4913244650087,221.2919799498747,64.64536340852129,1.7260242906806233e-23,0.09961122305194958,9.579802077674984
323.891091954023,201.5123563218391,63.92413793103447,1.89832747607e-312,0.09969134804238597,9.579802077674984
297.75981055480383,322.93978349120437,58.40764546684711,5e-324,0.09973078951875204,9.579802077674984
129.6708001871783,256.15552510194533,54.85242997526575,0.09961210504975283,4.519237017128338e-137,9.579802077674984
187.292769137548,340.81327004645533,64.29701070490808,9.10543957181642e-262,0.09968069968871465,9.579802077674984
319.968841374269,284.60800438596493,61.88386330409355,0.09962396316257974,1e-323,9.579802077674984
227.13647642679905,262.77344913151364,56.526716294458254,5e-324,0.09971692386996588,9.579802077674984
346.2249825052484,204.19559132260318,66.5297410776767,5e-324,0.09972215092419773,9.579802077674984
238.01041019266626,365.875077688005,62.708514605344924,5e-324,0.09974818851626178,9.579802077674984
172.70872304814415,281.934774047455,62.141232647435295,8.184664764658649e-31,0.09961532341395488,9.579802077674984
191.3677281715059,246.01389322510147,56.40404828806328,0.09961222071796197,2.5625007386750636e-139,9.579802077674984
220.45302521008404,200.54252100840336,58.71310924369749,0.09962529195873246,5e-324,9.579802077674984
296.06948714795226,254.8388267125815,48.354507440659226,3.183155217756959e-99,0.09963539557263584,9.579802077674984
329.12175976633813,253.99908725812335,60.393574297188756,5.199963333130376e-149,0.09964672162643963,9.579802077674984
327.6154642733863,185.1190887124612,59.274939592682074,0.09961151968985275,1.5004268442230391e-123,9.579802077674984
301.0743645213629,262.4167117360736,57.57625743645213,3.6642347132511277e-146,0.09964875908630387,9.579802077674984
310.3448160535117,195.17023411371238,63.37892976588632,5e-324,0.09977080662643403,9.579802077674984
146.60072446833368,338.4380696424398,73.2462023837345,5e-324,0.09976940829545827,9.579802077674984
331.1503795066413,231.37080961416825,57.60357368753955,1.8702345808082627e-22,0.09961186518490414,9.579802077674984
161.31354401805868,321.95823927765235,58.08352144469524,0.09962954053258605,5e-324,9.579802077674984
277.4961225859369,307.55219595854146,46.1848855417195,6.777364845380483e-159,0.0996525911725792,9.579802077674984
303.4845809792844,220.40054143126181,54.02106873822976,0.09962429462362067,5e-324,9.579802077674984
116.89300882064684,246.58101927474686,53.8299575302189,0.09962408340698921,1e-323,9.579802077674984
257.66149068322983,372.2845780942282,52.75950613543404,0.09960933611410507,1.2421665366653772e-85,9.579802077674984
281.27370279815267,284.1866340668297,48.86375984786741,0.09962277694249884,1e-323,9.579802077674984
147.10683760683762,273.62018408941486,51.303550295857974,1e-323,0.09971117461402183,9.579802077674984
215.6501606369605,333.3464869395167,47.068375471434535,5e-324,0.09975170462668419,9.579802077674984
161.12313308994356,255.1022236973117,51.231496846996315,3.6975324357240096e-163,0.09964899180926638,9.579802077674984
187.7416641634124,360.01141483929115,51.75608290778013,5e-324,0.09974882007520855,9.579802077674984
294.9266666666667,322.75777777777785,58.56666666666666,1e-323,0.09970497416946959,9.579802077674984
168.80827294685992,343.7706823671498,50.58544685990336,5e-324,0.09973753686845639,9.579802077674984
192.9670130688081,316.28680522752325,51.0581798142025,0.09962222047034525,1e-323,9.579802077674984
145.5070003134469,305.745219935221,45.03588966670151,1.9040439581524835e-282,0.099686582127905,9.579802077674984
173.50026678523793,217.43499333036902,49.59622054246329,0.09961420611533564,1.2483729490405614e-179,9.579802077674984
215.79433905450162,360.4563384522734,49.25188196326405,0.0996069028842623,4.996990574524611e-39,9.579802077674984
267.17424293067717,265.17925663480185,49.450865699578856,0.09961151402286274,4.996928414212937e-122,9.579802077674984
247.2896209912537,309.61451895043734,44.52600583090378,7.428703288041623e-80,0.09962919595695816,9.579802077674984
240.68282548476452,354.9695893050705,40.948873900999615,5e-324,0.09972717057443173,9.579802077674984
188.6756713554987,287.80658567774935,47.10453964194375,1.4519624769863554e-283,0.09968213605904222,9.579802077674984
217.13348032564448,241.4804952510177,45.876526458616006,4.296024275972723e-251,0.09967872832223673,9.579802077674984
366.41197349739707,204.3083293894936,52.27141504969239,0.09961173891522601,3.594311422077029e-125,9.579802077674984
266.74097202052474,235.42303223932618,43.25796301674893,3.157425614e-315,0.09969367061541688,9.579802077674984
265.07674418604654,330.28682170542635,44.31627906976747,2.3942188886255108e-250,0.0996777840357375,9.579802077674984
243.97609783212897,270.1263201778766,37.325875486381335,1.097362857910209e-104,0.09963701470677866,9.579802077674984
153.65836101882613,369.7674418604651,47.07807308970098,0.09961354521061959,5.963177842651103e-166,9.579802077674984
191.4818378964489,336.88438601246946,39.81526158850636,0.0996171170312789,5.45804040806787e-238,9.579802077674984
210.47920307584758,304.4608528486543,43.67441454037049,6.79759042161747e-116,0.09963973953552165,9.579802077674984
278.2039374053508,328.2001514386674,35.718702675416466,0.09961290166930307,2.381680985975299e-151,9.579802077674984
210.0216110019646,325.9001309757694,39.518664047151276,5e-324,0.0998027210123383,9.579802077674984
274.38235294117646,307.17320261437914,45.34313725490193,6.780187091657789e-226,0.09967053081834706,9.579802077674984
156.34063444108762,292.2477341389728,41.60120845921449,0.09961377150920121,3.454986966638953e-153,9.579802077674984
207.74952143950998,227.6758231240429,34.94726263399696,5e-324,0.09972390912335206,9.579802077674984
236.01320667284526,335.54981464318814,33.1743512511585,0.09961875567443365,1.1981818585432831e-271,9.579802077674984
186.73891691000802,261.58335545526944,36.38492168834614,0.09961646300855526,4.438727461246286e-212,9.579802077674984
243.62106975063244,247.95512588844718,29.566377544874115,1e-323,0.09971071653732212,9.579802077674984
219.66763698630137,210.86421232876708,31.617123287671234,1e-323,0.09971086877689422,9.579802077674984
172.3128165173354,320.2321776392677,33.720490845344784,2.1688591057016954e-265,0.09968238729595015,9.579802077674984
195.941683718211,247.42224495761474,27.239257527038887,0.09960573817994375,2.0804970919719943e-17,9.579802077674984
203.49415204678363,226.99122807017542,38.30116959064327,5e-324,0.09971688263009898,9.579802077674984
171.09302457252858,251.28835918921985,26.430245725285946,1e-323,0.09970871164693963,9.579802077674984
232.31993833504623,228.3224049331963,25.78016443987667,0.09961668819752342,1.8696751065060155e-226,9.579802077674984
255.9181257706535,289.5162762022195,25.471393341553664,5e-324,0.09975775117350923,9.579802077674984
230.33036084612198,292.8523434259644,29.54043965159684,0.09961412688358708,1.068828076850404e-173,9.579802077674984
187.1021124045949,217.0547760388559,22.807763472361444,0.09961029177892648,3.8856081972610925e-102,9.579802077674984
173.24277960845123,296.9219810040705,19.426536150416727,1.3902590471986593e-210,0.09966759216320045,9.579802077674984
194.40315560391733,285.45339136742837,23.894994559303605,5e-324,0.09977581682046416,9.579802077674984
198.01882671104642,308.97826086956525,21.003744539213642,0.09961089243907134,2.3137793780949943e-111,9.579802077674984
226.9433718324427,314.763144285468,21.573349422513385,5e-324,0.09973433237826096,9.579802077674984
220.97442244224428,260.0715071507151,22.98129812981296,0.09961323123044728,9.36743104635272e-161,9.579802077674984
248.18651162790695,268.46248062015496,18.420620155038762,0.09961694790984611,6.697053548722558e-232,9.579802077674984
219.5823375653473,278.6611277072442,15.098767737117269,0.09961321520576327,2.723438731244916e-161,9.579802077674984
257.2671310240964,313.64683734939763,18.564382530120497,3.0832757878267557e-111,0.0996390404945818,9.579802077674984
243.70280404303884,248.76279752200853,15.848223019237025,5e-324,0.09974610090402465,9.579802077674984
